origen,destino,sha256_original,sha256_publicado,estado,observacion
Incremento 2/Pagina Web grupo 11/public/manuales/.gitkeep,Codigo/public/manuales/.gitkeep,e3b0c44298fc1c149afbf4c8996fb92427ae41e4649b934ca495991b7852b855,e3b0c44298fc1c149afbf4c8996fb92427ae41e4649b934ca495991b7852b855,Copiado,
Incremento 2/Pagina Web grupo 11/public/uploads/.gitkeep,Codigo/public/uploads/.gitkeep,e3b0c44298fc1c149afbf4c8996fb92427ae41e4649b934ca495991b7852b855,e3b0c44298fc1c149afbf4c8996fb92427ae41e4649b934ca495991b7852b855,Copiado,
Incremento 2/Presentación Incremento 2 - Grupo 11 /Presentación Incremento II.mp4,Release/Presentacion-Incremento-II.mp4,411870036fff2610e3d6238714a4be437eee89795e6f3e02bd30a5d20c1426ec,411870036fff2610e3d6238714a4be437eee89795e6f3e02bd30a5d20c1426ec,Video para Release,
Incremento 2/Base de Datos/contenido.json,Base-de-datos/contenido.json,2c29067b09ea67989f0d66afbf47ffefc8a30d8bf99e5f1dd6c8b558fb7e1fd4,2ec3930ad811d146d05790e3daabe2498deb01d31c769290f568a2f76ec7b198,Adaptado,Conteos ajustados a la base publica sin registros privados.
Incremento 2/Pagina Web grupo 11/docs/CORREOS-ADMINISTRADOR.md,Codigo/docs/CORREOS-ADMINISTRADOR.md,007e0668804a4a0ed99445e09eb6d71a30bf64aa3b3789f96d1b579d1979e15e,007e0668804a4a0ed99445e09eb6d71a30bf64aa3b3789f96d1b579d1979e15e,Copiado,
Incremento 2/Pagina Web grupo 11/database/contenido.json,Codigo/database/contenido.json,2c29067b09ea67989f0d66afbf47ffefc8a30d8bf99e5f1dd6c8b558fb7e1fd4,2ec3930ad811d146d05790e3daabe2498deb01d31c769290f568a2f76ec7b198,Adaptado,Conteos ajustados a la base publica sin registros privados.
Incremento 2/Pagina Web grupo 11/artifacts/verificacion.json,Entrega-academica/05-Pruebas/Evidencias-del-codigo/verificacion.json,792033fecddae3e98bb60411bb05efbeb2fc171b91925561410746733545614d,792033fecddae3e98bb60411bb05efbeb2fc171b91925561410746733545614d,Copiado,
Incremento 2/Pagina Web grupo 11/artifacts/aceptacion-administracion.png,Entrega-academica/05-Pruebas/Evidencias-del-codigo/aceptacion-administracion.png,eca01f59d083cac48b09928ca564dbaae989901257c0c8f185756cf0aa69b595,eca01f59d083cac48b09928ca564dbaae989901257c0c8f185756cf0aa69b595,Copiado,
Incremento 2/Pagina Web grupo 11/artifacts/aceptacion-csv-rechazado.png,Entrega-academica/05-Pruebas/Evidencias-del-codigo/aceptacion-csv-rechazado.png,2d157cb9f24a9166ebe6dd19e66e34eea9f7bc11fefcefbbab755080eb0325b2,2d157cb9f24a9166ebe6dd19e66e34eea9f7bc11fefcefbbab755080eb0325b2,Copiado,
Incremento 2/Pagina Web grupo 11/public/css/theme.css,Codigo/public/css/theme.css,8853df767880d9812d279ebd0d07002b9ee2f14f9aa67112b62909408ade32e9,8853df767880d9812d279ebd0d07002b9ee2f14f9aa67112b62909408ade32e9,Copiado,
Incremento 2/Pagina Web grupo 11/public/css/styles.css,Codigo/public/css/styles.css,219ef74331e92b5ae75007ec234484ecbe3e443907b480f7536a9ae45723c549,219ef74331e92b5ae75007ec234484ecbe3e443907b480f7536a9ae45723c549,Copiado,
Incremento 2/Pagina Web grupo 11/public/css/legacy-utilities.css,Codigo/public/css/legacy-utilities.css,0858836c466a9f8e65aeac989f5c5ab3e5f8893c2cfc4dd5e2d6cce7ec08b2e1,0858836c466a9f8e65aeac989f5c5ab3e5f8893c2cfc4dd5e2d6cce7ec08b2e1,Copiado,
Incremento 2/Pagina Web grupo 11/public/index.html,Codigo/public/index.html,46af043a474f09eed5a2791a5abe66bd2f296a4d99407f6fbaa7fbd833db064b,46af043a474f09eed5a2791a5abe66bd2f296a4d99407f6fbaa7fbd833db064b,Copiado,
Incremento 2/Pagina Web grupo 11/scripts/importar-db.cjs,Codigo/scripts/importar-db.cjs,e5978e4d2e3c6938070f792da69163e74997b0ace7f8a66110634653d4930a5e,e5978e4d2e3c6938070f792da69163e74997b0ace7f8a66110634653d4930a5e,Copiado,
Incremento 2/Pagina Web grupo 11/server.js,Codigo/server.js,78317fa29b4f3c6de3e3b484e68a4eb61200629a6b07800e3ece2092fc52565d,78317fa29b4f3c6de3e3b484e68a4eb61200629a6b07800e3ece2092fc52565d,Copiado,
Incremento 2/Pagina Web grupo 11/src/config/mail.js,Codigo/src/config/mail.js,91ba1447ad41b5b16effe505efcb09fde4640078603f7383ab260822b2e7ffc5,91ba1447ad41b5b16effe505efcb09fde4640078603f7383ab260822b2e7ffc5,Copiado,
Incremento 2/Base de Datos/clinica-con-datos.sql,Base-de-datos/clinica-con-datos.sql,93896fb700441be6f9e800bdceaf84d4d4d3645bdd90e0ccf3398a177f1e0ba6,ee1534787ef94702f9836916faebd9f325f7e87fbb8c2903825f3b847b67daa7,Adaptado,"Se retiraron registros de: comment, equipment, scheduled_report, ticket, user, user_role"
Incremento 2/Diagrama de Casos de Uso/Diagrama CU-52.drawio,Entrega-academica/02-Casos-de-uso/Diagrama CU-52.drawio,4c70da67e652113390edcc81d41f70d841a0cfb6bf529272be7b3f36aeb2860d,4c70da67e652113390edcc81d41f70d841a0cfb6bf529272be7b3f36aeb2860d,Copiado,
Incremento 2/Pagina Web grupo 11/src/config/database.js,Codigo/src/config/database.js,37b672d4c39a766ac01e741d64a7b9f784063de13bdfb6bd6e4ebdae1d77c31e,37b672d4c39a766ac01e741d64a7b9f784063de13bdfb6bd6e4ebdae1d77c31e,Copiado,
Incremento 2/Diagrama de Casos de Uso/Diagrama CU-47.drawio,Entrega-academica/02-Casos-de-uso/Diagrama CU-47.drawio,f2029bd7faf547225e2a093d44d501ffccb36491adaceec5b9de62ec912b2811,f2029bd7faf547225e2a093d44d501ffccb36491adaceec5b9de62ec912b2811,Copiado,
Incremento 2/Pagina Web grupo 11/database/clinica-con-datos.sql,Codigo/database/clinica-con-datos.sql,93896fb700441be6f9e800bdceaf84d4d4d3645bdd90e0ccf3398a177f1e0ba6,ee1534787ef94702f9836916faebd9f325f7e87fbb8c2903825f3b847b67daa7,Adaptado,"Se retiraron registros de: comment, equipment, scheduled_report, ticket, user, user_role"
Incremento 2/Diagrama de Casos de Uso/Diagrama CU-14.drawio,Entrega-academica/02-Casos-de-uso/Diagrama CU-14.drawio,13b628a9c360fde4e410438452456e4a93cda78219899c45a08f37ea7873a2f0,13b628a9c360fde4e410438452456e4a93cda78219899c45a08f37ea7873a2f0,Copiado,
Incremento 2/Pagina Web grupo 11/.gitignore,Codigo/.gitignore,acb41025ee138b40dcd245907370a84e190c6df761ace4e437780c860a04b77a,98ed3058c5a499cb14ee5dacefb7be0c2846d33dd088d94c232d09b423954e37,Adaptado,"Reglas de exclusion actualizadas para proteger .env, dependencias y adjuntos privados."
Incremento 2/Diagrama de Casos de Uso/Diagrama CU-28.drawio,Entrega-academica/02-Casos-de-uso/Diagrama CU-28.drawio,f7b9ba311113ed0e320ad496a69bf9e1e4973b1827cf8cb5d9afc03a3efc613f,f7b9ba311113ed0e320ad496a69bf9e1e4973b1827cf8cb5d9afc03a3efc613f,Copiado,
Incremento 2/Pruebas Unitarias y de Integración/P-30.png,Entrega-academica/05-Pruebas/P-30.png,13fd43b0c0daba670c1ab8fff66e0e1dcc7b236801f3b6b659b97c3d756c8ef9,13fd43b0c0daba670c1ab8fff66e0e1dcc7b236801f3b6b659b97c3d756c8ef9,Copiado,
Incremento 2/Diagrama de Casos de Uso/Diagrama CU-55.drawio,Entrega-academica/02-Casos-de-uso/Diagrama CU-55.drawio,9dea178ddc216f5791b4c536b9560dc457a51b2bac41f524307259225272cacf,9dea178ddc216f5791b4c536b9560dc457a51b2bac41f524307259225272cacf,Copiado,
Incremento 2/Pruebas Unitarias y de Integración/P-26.png,Entrega-academica/05-Pruebas/P-26.png,84fc5aff9f2ee04647f2a269259c8100a73e32e7f6860baa38f9a16e82a89c00,84fc5aff9f2ee04647f2a269259c8100a73e32e7f6860baa38f9a16e82a89c00,Copiado,
Incremento 2/Diagrama de Secuencia del Diseño Incremento 2/CU53_Secuencia_de_diseño.drawio,Entrega-academica/03-Diagramas/Secuencia/CU53_Secuencia_de_diseño.drawio,1d32b91575e20135873d508741226e908671586ff92e09d8d175480685c36422,1d32b91575e20135873d508741226e908671586ff92e09d8d175480685c36422,Copiado,
Incremento 2/Pruebas Unitarias y de Integración/P-29.png,Entrega-academica/05-Pruebas/P-29.png,ae609b86d1318c6cde5269e4ab360cbddf1e9d0bbf7d617dcaf1c15fcb68f0c4,ae609b86d1318c6cde5269e4ab360cbddf1e9d0bbf7d617dcaf1c15fcb68f0c4,Copiado,
Incremento 2/Diagrama de Casos de Uso/Diagrama CU-23.drawio,Entrega-academica/02-Casos-de-uso/Diagrama CU-23.drawio,57548fff7a965447d759c212b9abbbc1373105ff02306a35ae3c3391259c4888,57548fff7a965447d759c212b9abbbc1373105ff02306a35ae3c3391259c4888,Copiado,
Incremento 2/Pagina Web grupo 11/artifacts/pruebas-aceptacion.json,Entrega-academica/05-Pruebas/Evidencias-del-codigo/pruebas-aceptacion.json,ef1ebc1d8dfcaeeb949284a942ce4440c8c44f6c82bc9252ccb3555e6968cafc,ef1ebc1d8dfcaeeb949284a942ce4440c8c44f6c82bc9252ccb3555e6968cafc,Copiado,
Incremento 2/Diagrama de Casos de Uso/Diagrama CU-18.drawio,Entrega-academica/02-Casos-de-uso/Diagrama CU-18.drawio,318af1fbe8d4b6695daaafc527c833bc27c793e763b4c226e5a001c089321365,318af1fbe8d4b6695daaafc527c833bc27c793e763b4c226e5a001c089321365,Copiado,
Incremento 2/Pagina Web grupo 11/.env.example,Codigo/.env.example,f3034c3289a66a514c0e7ddcf64c1d2167ef303c1cb96cca4734d466c46fa3e3,f3034c3289a66a514c0e7ddcf64c1d2167ef303c1cb96cca4734d466c46fa3e3,Copiado,
Incremento 2/Diagrama de Secuencia del Diseño Incremento 2/.$CU69_Secuencia_de_diseño.drawio.bkp,,,,Omitido,Respaldo temporal; se conserva el diagrama principal.
Incremento 2/Pruebas Unitarias y de Integración/P-32.png,Entrega-academica/05-Pruebas/P-32.png,43c2b381a993d1e3104d22afc1b4601c1423ac44c7cc31af61ef7fb49fb651aa,43c2b381a993d1e3104d22afc1b4601c1423ac44c7cc31af61ef7fb49fb651aa,Copiado,
Incremento 2/Diagrama de Secuencia del Diseño Incremento 2/.$CU33_Secuencia_de_diseño.drawio.bkp,,,,Omitido,Respaldo temporal; se conserva el diagrama principal.
Incremento 2/Diagrama de Secuencia del Diseño Incremento 2/.$CU14_Secuencia_de_diseño.drawio.bkp,,,,Omitido,Respaldo temporal; se conserva el diagrama principal.
Incremento 2/Diagrama de Secuencia del Diseño Incremento 2/CU24_Secuencia_de_diseño.drawio,Entrega-academica/03-Diagramas/Secuencia/CU24_Secuencia_de_diseño.drawio,0a7830720b703994290e734e1dc4e2a16e6cfabc07a4910dfd4a398b33bedb1a,0a7830720b703994290e734e1dc4e2a16e6cfabc07a4910dfd4a398b33bedb1a,Copiado,
Incremento 2/Diagrama de Secuencia del Diseño Incremento 2/.$CU58_Secuencia_de_diseño.drawio.bkp,,,,Omitido,Respaldo temporal; se conserva el diagrama principal.
Incremento 2/Diagrama de Casos de Uso/Diagrama CU-06.drawio,Entrega-academica/02-Casos-de-uso/Diagrama CU-06.drawio,49410761baef1101615317586bad13d81551b921d534179e053332c8146c2379,49410761baef1101615317586bad13d81551b921d534179e053332c8146c2379,Copiado,
Incremento 2/Diagrama de Secuencia del Diseño Incremento 2/CU60_Secuencia_de_diseño.drawio,Entrega-academica/03-Diagramas/Secuencia/CU60_Secuencia_de_diseño.drawio,f7a5936edc914cb4257fe8afa6cbc6c8dc3b9da4c72578a61d974fc0d7832e55,f7a5936edc914cb4257fe8afa6cbc6c8dc3b9da4c72578a61d974fc0d7832e55,Copiado,
Incremento 2/Diagrama de Casos de Uso/Diagrama CU-29.drawio,Entrega-academica/02-Casos-de-uso/Diagrama CU-29.drawio,14658e0773ec534f7b42ba7e95db70c9af40dde12461d10c62643fef377036bf,14658e0773ec534f7b42ba7e95db70c9af40dde12461d10c62643fef377036bf,Copiado,
Incremento 2/Diagrama de Secuencia del Diseño Incremento 2/CU21_Secuencia_de_diseño.drawio,Entrega-academica/03-Diagramas/Secuencia/CU21_Secuencia_de_diseño.drawio,a16c11dc3743ba0a3bc0871fb06b02d8abc86f155c2486ea53fe6d142edbfefa,a16c11dc3743ba0a3bc0871fb06b02d8abc86f155c2486ea53fe6d142edbfefa,Copiado,
Incremento 2/Diagrama de Casos de Uso/Diagrama CU-69.drawio,Entrega-academica/02-Casos-de-uso/Diagrama CU-69.drawio,51df32680b662ff2c6fe5812cbbc2cbd2b5330fe9f769c8234327f81172d9ecf,51df32680b662ff2c6fe5812cbbc2cbd2b5330fe9f769c8234327f81172d9ecf,Copiado,
Incremento 2/Diagrama de Secuencia del Diseño Incremento 2/.$CU17_Secuencia_de_diseño (2).drawio.bkp,,,,Omitido,Respaldo temporal; se conserva el diagrama principal.
Incremento 2/Diagrama de Secuencia del Diseño Incremento 2/CU13_Secuencia_de_diseño.drawio,Entrega-academica/03-Diagramas/Secuencia/CU13_Secuencia_de_diseño.drawio,7cff1f34d9416d23d8676d8bfa3487ecec4320ec61c7ba519e5ba469b8d924c1,7cff1f34d9416d23d8676d8bfa3487ecec4320ec61c7ba519e5ba469b8d924c1,Copiado,
Incremento 2/Diagrama de Secuencia del Diseño Incremento 2/.$CU45_Secuencia_de_diseño.drawio.bkp,,,,Omitido,Respaldo temporal; se conserva el diagrama principal.
Incremento 2/Diagrama de Secuencia del Diseño Incremento 2/.$CU64_Secuencia_de_diseño.drawio.bkp,,,,Omitido,Respaldo temporal; se conserva el diagrama principal.
Incremento 2/Pruebas Unitarias y de Integración/P-35.png,Entrega-academica/05-Pruebas/P-35.png,7aeb70ef9121d8546dd549af7665b3069118ba222d495ea833b9059fc53743b3,7aeb70ef9121d8546dd549af7665b3069118ba222d495ea833b9059fc53743b3,Copiado,
Incremento 2/Diagrama de Casos de Uso/Diagrama CU-25.drawio,Entrega-academica/02-Casos-de-uso/Diagrama CU-25.drawio,202762eea15fd3355675517e69a66e65906cf7649bf3e279e4b9f501d7410c43,202762eea15fd3355675517e69a66e65906cf7649bf3e279e4b9f501d7410c43,Copiado,
Incremento 2/Diagrama de Casos de Uso/Diagrama CU-13.drawio,Entrega-academica/02-Casos-de-uso/Diagrama CU-13.drawio,978417023d9ac4ff4df83506f93dd44ac3dcf0fe11ce0bae00499fff8a54fa42,978417023d9ac4ff4df83506f93dd44ac3dcf0fe11ce0bae00499fff8a54fa42,Copiado,
Incremento 2/Diagrama de Secuencia del Diseño Incremento 2/.$CU18_Secuencia_de_diseño.drawio.bkp,,,,Omitido,Respaldo temporal; se conserva el diagrama principal.
Incremento 2/Diagrama de Secuencia del Diseño Incremento 2/.$CU53_Secuencia_de_diseño.drawio.bkp,,,,Omitido,Respaldo temporal; se conserva el diagrama principal.
Incremento 2/Diagrama de Secuencia del Diseño Incremento 2/CU29_Secuencia_de_diseño.drawio,Entrega-academica/03-Diagramas/Secuencia/CU29_Secuencia_de_diseño.drawio,be00c84675f740c0c07f29f5aecff3a1c305f8da4733bc300261f05feb041cc3,be00c84675f740c0c07f29f5aecff3a1c305f8da4733bc300261f05feb041cc3,Copiado,
Incremento 2/Diagrama de Secuencia del Diseño Incremento 2/.$CU60_Secuencia_de_diseño.drawio.bkp,,,,Omitido,Respaldo temporal; se conserva el diagrama principal.
Incremento 2/Diagrama de Casos de Uso/Diagrama CU-58.drawio,Entrega-academica/02-Casos-de-uso/Diagrama CU-58.drawio,635caefa3080b24cefeb1947a938aa2ec2b486e942a456c8f1b3a850281b95a6,635caefa3080b24cefeb1947a938aa2ec2b486e942a456c8f1b3a850281b95a6,Copiado,
Incremento 2/Diagrama de Secuencia del Diseño Incremento 2/CU47_Secuencia_de_diseño.drawio,Entrega-academica/03-Diagramas/Secuencia/CU47_Secuencia_de_diseño.drawio,39d2faeed5ceb4465fc1ffc47f4d698ca510c5678a409b7521124746a54b15ef,39d2faeed5ceb4465fc1ffc47f4d698ca510c5678a409b7521124746a54b15ef,Copiado,
Incremento 2/Diagrama de Secuencia del Diseño Incremento 2/.$CU13_Secuencia_de_diseño.drawio.bkp,,,,Omitido,Respaldo temporal; se conserva el diagrama principal.
Incremento 2/Diagrama de Secuencia del Diseño Incremento 2/CU17_Secuencia_de_diseño (2).drawio,Entrega-academica/03-Diagramas/Secuencia/CU17_Secuencia_de_diseño (2).drawio,45cf48d40da10c3e30e349eb7c01401bfd78fba743d0c57d761c25468fe1e4e7,45cf48d40da10c3e30e349eb7c01401bfd78fba743d0c57d761c25468fe1e4e7,Copiado,
Incremento 2/Excel de Organización Del Trabajo Incremento 2.xlsx,Entrega-academica/04-Planificacion/Excel de Organización Del Trabajo Incremento 2.xlsx,e797d949df2e8efa24251d2b91880eacc5c381fa0da4b41d05f9a78cfe499c2f,e797d949df2e8efa24251d2b91880eacc5c381fa0da4b41d05f9a78cfe499c2f,Copiado,
Incremento 2/Pagina Web grupo 11/public/vendor/icons.svg,Codigo/public/vendor/icons.svg,1cc5b97682c956bfaa6cff77f099a833aa5c51cd06f2137090031fce3e50b2d6,1cc5b97682c956bfaa6cff77f099a833aa5c51cd06f2137090031fce3e50b2d6,Copiado,
Incremento 2/Diagrama de Casos de Uso/Diagrama CU-21.drawio,Entrega-academica/02-Casos-de-uso/Diagrama CU-21.drawio,923fb283dd610e655268ef8653fdc18e2ff52b5e58581162b17830951a5a6e61,923fb283dd610e655268ef8653fdc18e2ff52b5e58581162b17830951a5a6e61,Copiado,
Incremento 2/Diagrama de Secuencia del Diseño Incremento 2/CU12_Secuencia_de_diseño.drawio,Entrega-academica/03-Diagramas/Secuencia/CU12_Secuencia_de_diseño.drawio,0f088f7aa6aa700a809517f92bf4c681aa198b1f6f78aae31725c93abfb4cd81,0f088f7aa6aa700a809517f92bf4c681aa198b1f6f78aae31725c93abfb4cd81,Copiado,
Incremento 2/Pruebas Unitarias y de Integración/P-31.png,Entrega-academica/05-Pruebas/P-31.png,fb7a506fb2f8fbc119a49798f10f65010dbd2644ada243e16cf533b94d14955e,fb7a506fb2f8fbc119a49798f10f65010dbd2644ada243e16cf533b94d14955e,Copiado,
Incremento 2/Diagrama de Secuencia del Diseño Incremento 2/CU23_Secuencia_de_diseño.drawio,Entrega-academica/03-Diagramas/Secuencia/CU23_Secuencia_de_diseño.drawio,319762613249dcd11624ed3dd5b8ee4718f3ed8708586af2fcbee4a7ef9e6112,319762613249dcd11624ed3dd5b8ee4718f3ed8708586af2fcbee4a7ef9e6112,Copiado,
Incremento 2/Diagrama de Secuencia del Diseño Incremento 2/CU33_Secuencia_de_diseño.drawio,Entrega-academica/03-Diagramas/Secuencia/CU33_Secuencia_de_diseño.drawio,f8c452f13c39fd28347bcd6efcd0b024c37293d337e179f7252353ae1c85abef,f8c452f13c39fd28347bcd6efcd0b024c37293d337e179f7252353ae1c85abef,Copiado,
Incremento 2/Diagrama de Secuencia del Diseño Incremento 2/CU28_Secuencia_de_diseño.drawio,Entrega-academica/03-Diagramas/Secuencia/CU28_Secuencia_de_diseño.drawio,4d1e857a626fbe1adc76bcd1a4af6d9bce4e4432c2e59d1e7f4acf84b7f35b90,4d1e857a626fbe1adc76bcd1a4af6d9bce4e4432c2e59d1e7f4acf84b7f35b90,Copiado,
Incremento 2/Diagrama de Secuencia del Diseño Incremento 2/.$CU21_Secuencia_de_diseño.drawio.bkp,,,,Omitido,Respaldo temporal; se conserva el diagrama principal.
Incremento 2/Diagrama de Secuencia del Diseño Incremento 2/.$CU48_Secuencia_de_diseño.drawio.bkp,,,,Omitido,Respaldo temporal; se conserva el diagrama principal.
Incremento 2/Diagrama de Secuencia del Diseño Incremento 2/CU48_Secuencia_de_diseño.drawio,Entrega-academica/03-Diagramas/Secuencia/CU48_Secuencia_de_diseño.drawio,f298244edc32a473ec2b68d3b2227f7d22833052193928ef825b3ee65caf3a93,f298244edc32a473ec2b68d3b2227f7d22833052193928ef825b3ee65caf3a93,Copiado,
Incremento 2/Pruebas Unitarias y de Integración/P-27.png,Entrega-academica/05-Pruebas/P-27.png,e00ffc0eedc849e6e00f2e182d25f56a2bcc5a1dd6c900997e290d1d208bcb2f,e00ffc0eedc849e6e00f2e182d25f56a2bcc5a1dd6c900997e290d1d208bcb2f,Copiado,
Incremento 2/Diagrama de Secuencia del Diseño Incremento 2/.$CU47_Secuencia_de_diseño.drawio.bkp,,,,Omitido,Respaldo temporal; se conserva el diagrama principal.
Incremento 2/Diagrama de Secuencia del Diseño Incremento 2/.$CU06_Secuencia_de_diseño.drawio.bkp,,,,Omitido,Respaldo temporal; se conserva el diagrama principal.
Incremento 2/Diagrama de Casos de Uso/Diagrama CU-10.drawio,Entrega-academica/02-Casos-de-uso/Diagrama CU-10.drawio,6737ba3a96f02d1d58b93062645917b8fd0b10352db27933ea9bbfeb4cb8e467,6737ba3a96f02d1d58b93062645917b8fd0b10352db27933ea9bbfeb4cb8e467,Copiado,
Incremento 2/Diagrama de Casos de Uso/Diagrama CU-53.drawio,Entrega-academica/02-Casos-de-uso/Diagrama CU-53.drawio,9bd3f59ce8a432aa6ccc9cfea3c84fb90ed5153c565ba7875fb6f9bfd6942d18,9bd3f59ce8a432aa6ccc9cfea3c84fb90ed5153c565ba7875fb6f9bfd6942d18,Copiado,
Incremento 2/Diagrama de Secuencia del Diseño Incremento 2/CU52_Secuencia_de_diseño.drawio,Entrega-academica/03-Diagramas/Secuencia/CU52_Secuencia_de_diseño.drawio,3dfd7f17769b435345ac694369ee210a3522e231cacb0133000451fcb6e7e56c,3dfd7f17769b435345ac694369ee210a3522e231cacb0133000451fcb6e7e56c,Copiado,
"Incremento 2/Diagramas BD/Diagrama de Despliegue, Diagrama Componentes, Diagrama de Clases, MERE, Modelo Fisico/Diagrama de Despliegue.drawio",Entrega-academica/03-Diagramas/Modelos-y-arquitectura/Diagrama de Despliegue.drawio,44320ec41f4c8373502afbf49980f783520ebcf0c7e12ababd12b63ca7b99ebf,44320ec41f4c8373502afbf49980f783520ebcf0c7e12ababd12b63ca7b99ebf,Copiado,
Incremento 2/Diagrama de Secuencia del Diseño Incremento 2/CU22_Secuencia_de_diseño.drawio,Entrega-academica/03-Diagramas/Secuencia/CU22_Secuencia_de_diseño.drawio,f23378497ce81e8ec785f53827bba0c486ade4ffde186955ddcde4aab2fd4e7f,f23378497ce81e8ec785f53827bba0c486ade4ffde186955ddcde4aab2fd4e7f,Copiado,
Incremento 2/Pruebas Unitarias y de Integración/P-33.png,Entrega-academica/05-Pruebas/P-33.png,4651fcfea9d4ae6ab37d659275e9bff92807aacbbb2eb930a03509e0916c7500,4651fcfea9d4ae6ab37d659275e9bff92807aacbbb2eb930a03509e0916c7500,Copiado,
Incremento 2/Diagrama de Secuencia del Diseño Incremento 2/.$CU52_Secuencia_de_diseño.drawio.bkp,,,,Omitido,Respaldo temporal; se conserva el diagrama principal.
Incremento 2/Diagrama de Secuencia del Diseño Incremento 2/CU64_Secuencia_de_diseño.drawio,Entrega-academica/03-Diagramas/Secuencia/CU64_Secuencia_de_diseño.drawio,89a4366093a7502187439fc994ecc53336eb976963e1042d95ca976fa03cd191,89a4366093a7502187439fc994ecc53336eb976963e1042d95ca976fa03cd191,Copiado,
Incremento 2/Diagrama de Secuencia del Diseño Incremento 2/.$CU12_Secuencia_de_diseño.drawio.bkp,,,,Omitido,Respaldo temporal; se conserva el diagrama principal.
Incremento 2/Diagrama de Secuencia del Diseño Incremento 2/.$CU61_Secuencia_de_diseño.drawio.bkp,,,,Omitido,Respaldo temporal; se conserva el diagrama principal.
"Incremento 2/Diagramas BD/Diagrama de Despliegue, Diagrama Componentes, Diagrama de Clases, MERE, Modelo Fisico/Diagrama de Componentes.drawio",Entrega-academica/03-Diagramas/Modelos-y-arquitectura/Diagrama de Componentes.drawio,6d6dd61a6e57061d8065654f86306628885892d80c609983ecf6fe8ed46fdcb4,6d6dd61a6e57061d8065654f86306628885892d80c609983ecf6fe8ed46fdcb4,Copiado,
Incremento 2/Diagrama de Secuencia del Diseño Incremento 2/CU05_Secuencia_de_diseño.drawio,Entrega-academica/03-Diagramas/Secuencia/CU05_Secuencia_de_diseño.drawio,de9af3ff27045e4f19a63d3938ca2f70c302021552c5beccf15ba649200a0aec,de9af3ff27045e4f19a63d3938ca2f70c302021552c5beccf15ba649200a0aec,Copiado,
Incremento 2/Diagrama de Casos de Uso/Diagrama CU-24.drawio,Entrega-academica/02-Casos-de-uso/Diagrama CU-24.drawio,bd1d864475e07c436f2a3d60c836534593d92f0fb598d22e1fdfaecfa098cd43,bd1d864475e07c436f2a3d60c836534593d92f0fb598d22e1fdfaecfa098cd43,Copiado,
Incremento 2/Diagrama de Casos de Uso/Diagrama CU-17.drawio,Entrega-academica/02-Casos-de-uso/Diagrama CU-17.drawio,d6dfcb878196a9b88cd35d21c483ccb831dab8d0addc61d8b7adefd7c2859b8a,d6dfcb878196a9b88cd35d21c483ccb831dab8d0addc61d8b7adefd7c2859b8a,Copiado,
Incremento 2/Diagrama de Casos de Uso/Diagrama CU-61.drawio,Entrega-academica/02-Casos-de-uso/Diagrama CU-61.drawio,ec58637fb1020a3bc45a733f681ee356d7f768c1c3362630051c682df38ed20b,ec58637fb1020a3bc45a733f681ee356d7f768c1c3362630051c682df38ed20b,Copiado,
Incremento 2/Pruebas Unitarias y de Integración/P-34.png,Entrega-academica/05-Pruebas/P-34.png,ab25e083914192de0777d5344dd885bbc98750913abad03f2cd83f3dc448c323,ab25e083914192de0777d5344dd885bbc98750913abad03f2cd83f3dc448c323,Copiado,
Incremento 2/Diagrama de Secuencia del Diseño Incremento 2/CU58_Secuencia_de_diseño.drawio,Entrega-academica/03-Diagramas/Secuencia/CU58_Secuencia_de_diseño.drawio,7b1aac74b0188b01ad9bd75baee71f42f163070504ceb079c5e68bec64f7dec3,7b1aac74b0188b01ad9bd75baee71f42f163070504ceb079c5e68bec64f7dec3,Copiado,
"Incremento 2/Diagramas BD/Diagrama de Despliegue, Diagrama Componentes, Diagrama de Clases, MERE, Modelo Fisico/Modelo Fisico_2.drawio",Entrega-academica/03-Diagramas/Modelos-y-arquitectura/Modelo Fisico_2.drawio,7f23b710db4d041d939e96987e131dc9867dcbe3e0120dc247c96b57b3101c72,7f23b710db4d041d939e96987e131dc9867dcbe3e0120dc247c96b57b3101c72,Copiado,
Incremento 2/Diagrama de Secuencia del Diseño Incremento 2/CU10_Secuencia_de_diseño.drawio,Entrega-academica/03-Diagramas/Secuencia/CU10_Secuencia_de_diseño.drawio,7b03405724817a6905e764a59bfc99383588b8fe4091f0bff5aad8f696bffc42,7b03405724817a6905e764a59bfc99383588b8fe4091f0bff5aad8f696bffc42,Copiado,
Incremento 2/Pagina Web grupo 11/src/acceptance.js,Codigo/src/acceptance.js,aded36207c9020ed33b956b78362821e95a3c9f92cc5371ceecdce0f2e4e9480,aded36207c9020ed33b956b78362821e95a3c9f92cc5371ceecdce0f2e4e9480,Copiado,
Incremento 2/Diagrama de Casos de Uso/Diagrama CU-57.drawio,Entrega-academica/02-Casos-de-uso/Diagrama CU-57.drawio,120afc44dc414e7aecf3f9c796598bdc69ffd33dd596ba28547674e0d94bd3b4,120afc44dc414e7aecf3f9c796598bdc69ffd33dd596ba28547674e0d94bd3b4,Copiado,
Incremento 2/Pagina Web grupo 11/package-lock.json,Codigo/package-lock.json,7bc0960c819c1aac38eb19aae90828b05aaa8dd52080934285429b68850ac301,7bc0960c819c1aac38eb19aae90828b05aaa8dd52080934285429b68850ac301,Copiado,
Incremento 2/Pagina Web grupo 11/REEDME.md,Codigo/REEDME.md,f103196eacf22688d1fe7ce02fddf255be22253e1d9ace94ad4d52275d458606,f103196eacf22688d1fe7ce02fddf255be22253e1d9ace94ad4d52275d458606,Copiado,
Incremento 2/Diagrama de Secuencia del Diseño Incremento 2/CU69_Secuencia_de_diseño.drawio,Entrega-academica/03-Diagramas/Secuencia/CU69_Secuencia_de_diseño.drawio,15874422ec667d05aedf5361c6b513fa3dded242482b293cd469314a7c63000c,15874422ec667d05aedf5361c6b513fa3dded242482b293cd469314a7c63000c,Copiado,
Incremento 2/Pruebas Unitarias y de Integración/P-28.png,Entrega-academica/05-Pruebas/P-28.png,851bba031b2a79c7fef85cc977aecd93e92b5c1e7eabf67e44bbc7e44a33d5bd,851bba031b2a79c7fef85cc977aecd93e92b5c1e7eabf67e44bbc7e44a33d5bd,Copiado,
Incremento 2/Diagrama de Casos de Uso/Diagrama CU-45.drawio,Entrega-academica/02-Casos-de-uso/Diagrama CU-45.drawio,6250ee822791de9c005383721a99d2270aef182540e185f227d45dddd0ffbb35,6250ee822791de9c005383721a99d2270aef182540e185f227d45dddd0ffbb35,Copiado,
Incremento 2/Diagrama de Casos de Uso/Diagrama CU-60.drawio,Entrega-academica/02-Casos-de-uso/Diagrama CU-60.drawio,0dd05381933b662d0cca0d6ff0873cbf28ccbdd0396941f4b453dbf7358036fe,0dd05381933b662d0cca0d6ff0873cbf28ccbdd0396941f4b453dbf7358036fe,Copiado,
Incremento 2/Diagrama de Casos de Uso/Diagrama CU-05.drawio,Entrega-academica/02-Casos-de-uso/Diagrama CU-05.drawio,d5811a0c8f29278ab2449daa22f10d542f19d9555e1e1bb6bc2ba871f1e11f9c,d5811a0c8f29278ab2449daa22f10d542f19d9555e1e1bb6bc2ba871f1e11f9c,Copiado,
Incremento 2/Pagina Web grupo 11/public/vendor/phosphor-LICENSE,Codigo/public/vendor/phosphor-LICENSE,ddbe6082ec3cf979db47e5af549d2849c5d6182b3e005ef91ce1dbb9eb122f11,ddbe6082ec3cf979db47e5af549d2849c5d6182b3e005ef91ce1dbb9eb122f11,Copiado,
Incremento 2/Diagrama de Secuencia del Diseño Incremento 2/.$CU55_Secuencia_de_diseño.drawio.bkp,,,,Omitido,Respaldo temporal; se conserva el diagrama principal.
Incremento 2/Diagrama de Secuencia del Diseño Incremento 2/CU55_Secuencia_de_diseño.drawio,Entrega-academica/03-Diagramas/Secuencia/CU55_Secuencia_de_diseño.drawio,b0900461c081388c7e39f2f82ac18a5190a4fbd754ec5ee595bb3fe5357f3ef4,b0900461c081388c7e39f2f82ac18a5190a4fbd754ec5ee595bb3fe5357f3ef4,Copiado,
Incremento 2/Diagrama de Secuencia del Diseño Incremento 2/CU61_Secuencia_de_diseño.drawio,Entrega-academica/03-Diagramas/Secuencia/CU61_Secuencia_de_diseño.drawio,bf9a3561f52f99c21610a87d7141bfe7f736e61c680682f8b6c85edf8106e6cf,bf9a3561f52f99c21610a87d7141bfe7f736e61c680682f8b6c85edf8106e6cf,Copiado,
Incremento 2/Pagina Web grupo 11/package.json,Codigo/package.json,9ffedfe3a4d1c17e3aecb1725deaea9b6295f6e16bfa1e27fdb64f56e0a59d20,9ffedfe3a4d1c17e3aecb1725deaea9b6295f6e16bfa1e27fdb64f56e0a59d20,Copiado,
Incremento 2/Diagrama de Secuencia del Diseño Incremento 2/CU14_Secuencia_de_diseño.drawio,Entrega-academica/03-Diagramas/Secuencia/CU14_Secuencia_de_diseño.drawio,b18cdb4f5f3ca66aab95825a97f105399eb03bd785ac34104f20b10c77796efe,b18cdb4f5f3ca66aab95825a97f105399eb03bd785ac34104f20b10c77796efe,Copiado,
Incremento 2/Pagina Web grupo 11/docs/REDISENO.md,Codigo/docs/REDISENO.md,0d9aeabe642645ffc94885714fb0d1f384de9e75a88b82d1713140abd0e1ef37,0d9aeabe642645ffc94885714fb0d1f384de9e75a88b82d1713140abd0e1ef37,Copiado,
Incremento 2/Diagrama de Secuencia del Diseño Incremento 2/CU45_Secuencia_de_diseño.drawio,Entrega-academica/03-Diagramas/Secuencia/CU45_Secuencia_de_diseño.drawio,b0a65e871cbadb3c3831d2069cda969c6726cc62210b55b4633dbf5acc7e57aa,b0a65e871cbadb3c3831d2069cda969c6726cc62210b55b4633dbf5acc7e57aa,Copiado,
Incremento 2/Diagrama de Secuencia del Diseño Incremento 2/CU57_Secuencia_de_diseño.drawio,Entrega-academica/03-Diagramas/Secuencia/CU57_Secuencia_de_diseño.drawio,0f011eb3e82871e98da7f475bf108b13617705e6509a61c34c82b9889b6cda71,0f011eb3e82871e98da7f475bf108b13617705e6509a61c34c82b9889b6cda71,Copiado,
Incremento 2/Diagrama de Secuencia del Diseño Incremento 2/CU25_Secuencia_de_diseño.drawio,Entrega-academica/03-Diagramas/Secuencia/CU25_Secuencia_de_diseño.drawio,2c155b36b325efab12fd8ae57abb7befc27536f54f61bd82135b9f94e56d18f3,2c155b36b325efab12fd8ae57abb7befc27536f54f61bd82135b9f94e56d18f3,Copiado,
Incremento 2/Diagrama de Secuencia del Diseño Incremento 2/CU18_Secuencia_de_diseño.drawio,Entrega-academica/03-Diagramas/Secuencia/CU18_Secuencia_de_diseño.drawio,f51b68b5136daf1047318872263597378fafe1a061352bd958deb5e52036f362,f51b68b5136daf1047318872263597378fafe1a061352bd958deb5e52036f362,Copiado,
Incremento 2/Diagrama de Casos de Uso/Diagrama CU-22.drawio,Entrega-academica/02-Casos-de-uso/Diagrama CU-22.drawio,4c94b0417ac255b99c9f3b752650b1da7d1af860930502cf11afc8f063496f94,4c94b0417ac255b99c9f3b752650b1da7d1af860930502cf11afc8f063496f94,Copiado,
Incremento 2/Diagrama de Casos de Uso/.$Diagrama CU-10.drawio.bkp,,,,Omitido,Respaldo temporal; se conserva el diagrama principal.
Incremento 2/Pagina Web grupo 11/docs/PRUEBAS-ACEPTACION.md,Codigo/docs/PRUEBAS-ACEPTACION.md,c6dd4c16534068674476d3ec068f1ee16f86bb71b085ca5396bf7aec7a244e44,c6dd4c16534068674476d3ec068f1ee16f86bb71b085ca5396bf7aec7a244e44,Copiado,
"Incremento 2/Diagramas BD/Diagrama de Despliegue, Diagrama Componentes, Diagrama de Clases, MERE, Modelo Fisico/ClasesUML.drawio",Entrega-academica/03-Diagramas/Modelos-y-arquitectura/ClasesUML.drawio,51c0fceb8a3b6927c48828912fbefc731151b4f1920d7acc02482928da9fb8ad,51c0fceb8a3b6927c48828912fbefc731151b4f1920d7acc02482928da9fb8ad,Copiado,
"Incremento 2/Diagramas BD/Diagrama de Despliegue, Diagrama Componentes, Diagrama de Clases, MERE, Modelo Fisico/Mere inc_2.drawio",Entrega-academica/03-Diagramas/Modelos-y-arquitectura/Mere inc_2.drawio,55dc322795bcb319cc2a1400e9d75ed7036f68d45efb73a179d16c1ecbb5c91c,55dc322795bcb319cc2a1400e9d75ed7036f68d45efb73a179d16c1ecbb5c91c,Copiado,
Incremento 2/Diagramas BD/Arbol de navegacion del sistema Incremento 2.drawio,Entrega-academica/03-Diagramas/Modelos-y-arquitectura/Arbol de navegacion del sistema Incremento 2.drawio,1f8cdcce3ac8cbd428789b29480d93d14c1427fb375011d99d48a9dacc716aab,1f8cdcce3ac8cbd428789b29480d93d14c1427fb375011d99d48a9dacc716aab,Copiado,
Incremento 2/Diagrama de Secuencia del Diseño Incremento 2/.$CU57_Secuencia_de_diseño.drawio.bkp,,,,Omitido,Respaldo temporal; se conserva el diagrama principal.
Incremento 2/Diagrama de Casos de Uso/Diagrama CU-33.drawio,Entrega-academica/02-Casos-de-uso/Diagrama CU-33.drawio,b0bb59e687944476d9606432a75d4fefdae4068108b31e9fb6ee83c03f636020,b0bb59e687944476d9606432a75d4fefdae4068108b31e9fb6ee83c03f636020,Copiado,
Incremento 2/Diagrama de Casos de Uso/Diagrama CU-48.drawio,Entrega-academica/02-Casos-de-uso/Diagrama CU-48.drawio,5d2649bd77a6fef53290b93c790d310287ce0cf667dd981030349670724dc29b,5d2649bd77a6fef53290b93c790d310287ce0cf667dd981030349670724dc29b,Copiado,
Incremento 2/Diagrama de Casos de Uso/Diagrama CU-12.drawio,Entrega-academica/02-Casos-de-uso/Diagrama CU-12.drawio,5250a4a60913516c2f2f058c9531a27b14669ab0536d0c527f9dd98b20a99ea6,5250a4a60913516c2f2f058c9531a27b14669ab0536d0c527f9dd98b20a99ea6,Copiado,
Incremento 2/Diagrama de Secuencia del Diseño Incremento 2/CU06_Secuencia_de_diseño.drawio,Entrega-academica/03-Diagramas/Secuencia/CU06_Secuencia_de_diseño.drawio,738f3e595f545d2d0b3d218a2c7f7619909de5d835e5289ebd8a36112bde6c6f,738f3e595f545d2d0b3d218a2c7f7619909de5d835e5289ebd8a36112bde6c6f,Copiado,
Incremento 2/Diagrama de Casos de Uso/Diagrama CU-64.drawio,Entrega-academica/02-Casos-de-uso/Diagrama CU-64.drawio,708156a4775f6f392da07be3641cae296c23a3c53f95d58161c0e381ee6c6134,708156a4775f6f392da07be3641cae296c23a3c53f95d58161c0e381ee6c6134,Copiado,
Incremento 2/Pagina Web grupo 11/public/js/ui.js,Codigo/public/js/ui.js,d0b631850569c67c5bc3f52e3dfc16365e9581b24298cda0d15b846ddfba2423,d0b631850569c67c5bc3f52e3dfc16365e9581b24298cda0d15b846ddfba2423,Copiado,
Incremento 2/Presentación Incremento 2 - Grupo 11 /Incremento2_CentroClinicoAconcagua.pptx,Entrega-academica/06-Presentacion/Incremento2_CentroClinicoAconcagua.pptx,7b9d6d381516e315862e92f00d124baf49c81dc6a8e310dff919b01f3d552b5d,7b9d6d381516e315862e92f00d124baf49c81dc6a8e310dff919b01f3d552b5d,Copiado,
Incremento 2/Pagina Web grupo 11/src/server.js,Codigo/src/server.js,059fc69696ef4c87e4cd5670f86a70a6b9d3644021c601655815ca17b14cc38e,059fc69696ef4c87e4cd5670f86a70a6b9d3644021c601655815ca17b14cc38e,Copiado,
Incremento 2/Pagina Web grupo 11/public/js/app.js,Codigo/public/js/app.js,531fa6d8e18203094122ac782806b3e9d6b0e99e2e3e596f9b32e13a6f342631,531fa6d8e18203094122ac782806b3e9d6b0e99e2e3e596f9b32e13a6f342631,Copiado,
Incremento 2/Incremento 2  (Corregido) - Grupo 11 - Ingeniería En Software II.docx,Entrega-academica/01-Informe/Incremento 2  (Corregido) - Grupo 11 - Ingeniería En Software II.docx,539dbbe28dd2206e73bc979f7b6e0cc0bba947569c0e930a88f103b7a1b48a5a,539dbbe28dd2206e73bc979f7b6e0cc0bba947569c0e930a88f103b7a1b48a5a,Copiado,
Incremento 2/Diagramas BD/cambios  incr 1-2.docx,Entrega-academica/03-Diagramas/Modelos-y-arquitectura/cambios  incr 1-2.docx,f84706f5016bfb55fde652a186b1041ae028fdbf83bb5e6f2c96a2c813aca65f,f84706f5016bfb55fde652a186b1041ae028fdbf83bb5e6f2c96a2c813aca65f,Copiado,
Incremento 2/Pagina Web grupo 11/public/vendor/alpine.min.js,Codigo/public/vendor/alpine.min.js,abe5b75652884ce02c634ab1028b04758ec75fa874fd7a9bea1a0d97ebe5b2c3,abe5b75652884ce02c634ab1028b04758ec75fa874fd7a9bea1a0d97ebe5b2c3,Copiado,
Incremento 2/Pagina Web grupo 11/public/vendor/jspdf.umd.min.js,Codigo/public/vendor/jspdf.umd.min.js,98ccf17aa10c20bb1301762618fcc9b6ab3a4e7f26b6071d64d0b41154df3875,98ccf17aa10c20bb1301762618fcc9b6ab3a4e7f26b6071d64d0b41154df3875,Copiado,
Incremento 2/Pagina Web grupo 11/public/vendor/chart.umd.min.js,Codigo/public/vendor/chart.umd.min.js,81ffafe13c37e1b25793b020d446f4d9739b949dadb7f9f79d709a0cad781c2f,81ffafe13c37e1b25793b020d446f4d9739b949dadb7f9f79d709a0cad781c2f,Copiado,
